[{"id":"user-image-111.webp","fileName":"111.webp","name":"111","publicUrl":"https://assets.nicepagecdn.com/1387a5d4/6429762/images/111.webp","size":4030,"hash":"ySFYKtDVR2rHiUhZT/PCl+FxfQU=","width":250,"height":140,"folderId":null,"usages":[],"thumbnail":{"url":"https://assets.nicepagecdn.com/1387a5d4/6429762/images/111.webp","width":250,"height":140}},{"id":"user-image-11.jpg","fileName":"11.jpg","name":"11","publicUrl":"https://assets.nicepagecdn.com/1387a5d4/6429762/images/11.jpg","size":28648,"hash":"CXie/wWI/ZNtc/wdeUUHezrgyMU=","width":900,"height":900,"folderId":null,"usages":[],"thumbnail":{"url":"https://assets.nicepagecdn.com/1387a5d4/6429762/images/11.jpg","width":900,"height":900}},{"id":"user-image-2025-01-10190031.png","fileName":"2025-01-10190031.png","name":"2025-01-10190031","publicUrl":"https://assets.nicepagecdn.com/1387a5d4/6429762/images/2025-01-10190031.png","size":78151,"hash":"uJnY7CSqVzlYuGOz7dKqE9qKy80=","width":653,"height":617,"folderId":null,"usages":[],"thumbnail":{"url":"https://assets.nicepagecdn.com/1387a5d4/6429762/images/2025-01-10190031.png","width":653,"height":617}},{"id":"user-image-2025-01-10190030.png","fileName":"2025-01-10190030.png","name":"2025-01-10190030","publicUrl":"https://assets.nicepagecdn.com/1387a5d4/6429762/images/2025-01-10190030.png","size":86652,"hash":"8YrPaEmhZPyPb2OHmhcR9qna0Io=","width":653,"height":736,"folderId":null,"usages":[],"thumbnail":{"url":"https://assets.nicepagecdn.com/1387a5d4/6429762/images/2025-01-10190030.png","width":653,"height":736}},{"id":"user-image-OF1.png","fileName":"OF1.png","name":"OF1","publicUrl":"https://assets.nicepagecdn.com/1387a5d4/6429762/images/OF1.png","size":294137,"hash":"ihMwzYuZ3t7van1zWsxxxTm+NNg=","width":1080,"height":1080,"folderId":null,"usages":[],"thumbnail":{"url":"https://assets.nicepagecdn.com/1387a5d4/6429762/images/OF1.png","width":1080,"height":1080}},{"id":"user-image-1000409237.png","fileName":"1000409237.png","name":"1000409237","publicUrl":"https://assets.nicepagecdn.com/1387a5d4/6429762/images/1000409237.png","size":72515,"hash":"CZh5iWzXibjKnge2ViO8wQjDhv4=","width":726,"height":729,"folderId":null,"usages":[],"thumbnail":{"url":"https://assets.nicepagecdn.com/1387a5d4/6429762/images/1000409237.png","width":726,"height":729}},{"id":"user-image-2025-01-10184711.png","fileName":"2025-01-10184711.png","name":"2025-01-10184711","publicUrl":"https://assets.nicepagecdn.com/1387a5d4/6429762/images/2025-01-10184711.png","size":1069399,"hash":"NWyyFWyb3EqR/IzU9VhiC+rc1hg=","width":993,"height":1016,"folderId":null,"usages":[],"thumbnail":{"url":"https://assets.nicepagecdn.com/1387a5d4/6429762/images/2025-01-10184711.png","width":993,"height":1016}},{"id":"user-image-2025-01-10184844.png","fileName":"2025-01-10184844.png","name":"2025-01-10184844","publicUrl":"https://assets.nicepagecdn.com/1387a5d4/6429762/images/2025-01-10184844.png","size":304985,"hash":"0ZVdtCaVr5etQXpaG15j4+IK2W8=","width":731,"height":863,"folderId":null,"usages":[],"thumbnail":{"url":"https://assets.nicepagecdn.com/1387a5d4/6429762/images/2025-01-10184844.png","width":731,"height":863}},{"id":"user-image-2025-01-10184832.png","fileName":"2025-01-10184832.png","name":"2025-01-10184832","publicUrl":"https://assets.nicepagecdn.com/1387a5d4/6429762/images/2025-01-10184832.png","size":149052,"hash":"JpLnkmWFpXcMycbnC80yzqmK94c=","width":720,"height":882,"folderId":null,"usages":[],"thumbnail":{"url":"https://assets.nicepagecdn.com/1387a5d4/6429762/images/2025-01-10184832.png","width":720,"height":882}},{"id":"user-image-aaa.png","fileName":"aaa.png","name":"aaa","publicUrl":"https://assets.nicepagecdn.com/1387a5d4/6429762/images/aaa.png","size":7200,"hash":"jOFMXrUBVmrVKCJ/+km0kIW5aSI=","width":450,"height":217,"folderId":null,"usages":["127746471"],"thumbnail":{"url":"https://assets.nicepagecdn.com/1387a5d4/6429762/images/aaa.png","width":450,"height":217}},{"id":"user-image-1000409230.png","fileName":"1000409230.png","name":"1000409230","publicUrl":"https://assets.nicepagecdn.com/1387a5d4/6429762/images/1000409230.png","size":16064,"hash":"y9KGsKl4DNS+g7qom6Hb0AB5MRA=","width":450,"height":217,"folderId":null,"usages":[],"thumbnail":{"url":"https://assets.nicepagecdn.com/1387a5d4/6429762/images/1000409230.png","width":450,"height":217}},{"id":"user-image-1000409229.png","fileName":"1000409229.png","name":"1000409229","publicUrl":"https://assets.nicepagecdn.com/1387a5d4/6429762/images/1000409229.png","size":53684,"hash":"07KdzfXpDddznLSd1tpenFdOQcs=","width":450,"height":217,"folderId":null,"usages":[],"thumbnail":{"url":"https://assets.nicepagecdn.com/1387a5d4/6429762/images/1000409229.png","width":450,"height":217}},{"id":"user-image-12.png","fileName":"12.png","name":"12","publicUrl":"https://assets.nicepagecdn.com/1387a5d4/6429762/images/12.png","size":25421,"hash":"o15TXwktzknJAfCkuyNohPOW0q0=","width":450,"height":217,"folderId":null,"usages":[],"thumbnail":{"url":"https://assets.nicepagecdn.com/1387a5d4/6429762/images/12.png","width":450,"height":217}},{"id":"user-image-1000409226.png","fileName":"1000409226.png","name":"1000409226","publicUrl":"https://assets.nicepagecdn.com/1387a5d4/6429762/images/1000409226.png","size":880326,"hash":"St+GG+4PirMxcZal54cKHJ2HabI=","width":922,"height":1362,"folderId":null,"usages":["127746471"],"thumbnail":{"url":"https://assets.nicepagecdn.com/1387a5d4/6429762/images/1000409226.png","width":922,"height":1362}},{"id":"user-image-Photoroom-20250110_181556.png","fileName":"Photoroom-20250110_181556.png","name":"Photoroom-20250110_181556","publicUrl":"https://assets.nicepagecdn.com/1387a5d4/6429762/images/Photoroom-20250110_181556.png","size":1490000,"hash":"4gp9Ffj0qInaJ/r92vkoljAy6q8=","width":922,"height":1362,"folderId":null,"usages":[],"thumbnail":{"url":"https://assets.nicepagecdn.com/1387a5d4/6429762/images/Photoroom-20250110_181556.png","width":922,"height":1362}},{"id":"user-image-PHOTOPROFILE.jpg","fileName":"PHOTOPROFILE.jpg","name":"PHOTOPROFILE","publicUrl":"https://assets.nicepagecdn.com/1387a5d4/6429762/images/PHOTOPROFILE.jpg","size":150847,"hash":"uT79jLAPdWqHpdlC50m9gL3E6+Q=","width":1080,"height":1080,"folderId":null,"usages":[],"thumbnail":{"url":"https://assets.nicepagecdn.com/1387a5d4/6429762/images/PHOTOPROFILE.jpg","width":1080,"height":1080}},{"id":"user-image-LinkedIn1.png","fileName":"LinkedIn1.png","name":"LinkedIn1","publicUrl":"https://assets.nicepagecdn.com/1387a5d4/6429762/images/LinkedIn1.png","size":188132,"hash":"isk7pyUp69hOfozisbRl1+pwYb0=","width":2048,"height":1152,"folderId":null,"usages":[],"thumbnail":{"url":"https://assets.nicepagecdn.com/1387a5d4/6429762/images/LinkedIn1.png","width":2048,"height":1152}},{"id":"user-image-BACKROUND.png","fileName":"BACKROUND.png","name":"BACKROUND","publicUrl":"https://assets.nicepagecdn.com/1387a5d4/6429762/images/BACKROUND.png","size":117336,"hash":"7tjvyqsU+lTmglrNgtnYZEP5R28=","width":2560,"height":1440,"folderId":null,"usages":[],"thumbnail":{"url":"https://assets.nicepagecdn.com/1387a5d4/6429762/images/BACKROUND.png","width":2560,"height":1440}},{"id":"user-image-ATONIOS-GARGALLIS.png","fileName":"ATONIOS-GARGALLIS.png","name":"ATONIOS-GARGALLIS","publicUrl":"https://assets.nicepagecdn.com/1387a5d4/6429762/images/ATONIOS-GARGALLIS.png","size":376489,"hash":"qXaVtLiSO8MQeor4wDSOV7ZgrVg=","width":1080,"height":1080,"folderId":null,"usages":[],"thumbnail":{"url":"https://assets.nicepagecdn.com/1387a5d4/6429762/images/ATONIOS-GARGALLIS.png","width":1080,"height":1080}},{"id":"user-image-1077114.png","fileName":"1077114.png","name":"1077114","publicUrl":"https://assets.nicepagecdn.com/1387a5d4/6429762/images/1077114.png","size":2544,"hash":"O09w+ENL5/BW92mHySXgeFHVIV4=","width":128,"height":128,"folderId":null,"thumbnail":{"url":"https://assets.nicepagecdn.com/1387a5d4/6429762/images/1077114.png","width":128,"height":128},"usages":["127746471"]},{"id":"user-image-1082334.png","fileName":"1082334.png","name":"1082334","publicUrl":"https://assets.nicepagecdn.com/1387a5d4/6429762/images/1082334.png","size":2477,"hash":"TOzERCvjB458uLx9JX/nkiok3IM=","width":128,"height":128,"folderId":null,"thumbnail":{"url":"https://assets.nicepagecdn.com/1387a5d4/6429762/images/1082334.png","width":128,"height":128},"usages":["127746471"]},{"id":"user-image-24770152_101.png","fileName":"24770152_101.png","name":"24770152_101","publicUrl":"https://assets.nicepagecdn.com/1387a5d4/6429762/images/24770152_101.png","size":714369,"hash":"y6yTfm3/EIgJAAnw7/MeX9Pev7o=","width":1000,"height":1529,"folderId":null,"thumbnail":{"url":"https://assets.nicepagecdn.com/1387a5d4/6429762/images/24770152_101.png","width":1000,"height":1529},"usages":["127746471"]},{"id":"user-image-646135.png","fileName":"646135.png","name":"646135","publicUrl":"https://assets.nicepagecdn.com/1387a5d4/6429762/images/646135.png","size":2316,"hash":"JEv838J6rQdgz7pcZnhU6sdhTWc=","width":128,"height":128,"folderId":null,"thumbnail":{"url":"https://assets.nicepagecdn.com/1387a5d4/6429762/images/646135.png","width":128,"height":128},"usages":["127746471"]},{"id":"user-image-default-image.jpg","fileName":"default-image.jpg","name":"default-image","publicUrl":"https://assets.nicepagecdn.com/1387a5d4/6429762/images/default-image.jpg","size":60031,"hash":"vEnMv3oBYu6k0eRAssJrwN15Tv4=","width":2000,"height":1333,"folderId":null,"thumbnail":{"url":"https://assets.nicepagecdn.com/1387a5d4/6429762/images/default-image.jpg","width":2000,"height":1333},"usages":[]},{"id":"user-image-still-life-graphic-design-office3.jpg","fileName":"still-life-graphic-design-office3.jpg","name":"still-life-graphic-design-office3","publicUrl":"https://assets.nicepagecdn.com/1387a5d4/6429762/images/still-life-graphic-design-office3.jpg","size":243434,"hash":"wvmQpR5VWh5uSrQV8CKCUyHwZ/A=","width":800,"height":1200,"folderId":null,"thumbnail":{"url":"https://assets.nicepagecdn.com/1387a5d4/6429762/images/still-life-graphic-design-office3.jpg","width":800,"height":1200},"usages":["127746471"]}]