[{"id":197818239,"title":"Blog Template","order":1,"templateKey":"blog","customTemplate":false,"customTemplateFilename":null,"pageLinks":[],"dateCreated":"2025-01-10T16:00:44.540Z","dateUpdated":"2025-01-10T16:00:50.786Z","folderId":null,"pageName":"Blog Template","sectionCount":1,"status":2},{"id":838607029,"title":"Post Template","order":2,"templateKey":"post","customTemplate":false,"customTemplateFilename":null,"pageLinks":[],"dateCreated":"2025-01-10T16:00:44.670Z","dateUpdated":"2025-01-10T16:00:50.786Z","folderId":null,"pageName":"Post Template","sectionCount":1,"status":2},{"id":654820370,"title":"Product List Template","order":3,"templateKey":"products","customTemplate":false,"customTemplateFilename":null,"pageLinks":[],"dateCreated":"2025-01-10T16:00:44.788Z","dateUpdated":"2025-01-10T16:00:50.787Z","folderId":null,"pageName":"Product List Template","sectionCount":1,"status":2},{"id":27709420,"title":"Product Details Template","order":4,"templateKey":"product","customTemplate":false,"customTemplateFilename":null,"pageLinks":[],"dateCreated":"2025-01-10T16:00:44.915Z","dateUpdated":"2025-01-10T16:00:50.787Z","folderId":null,"pageName":"Product Details Template","sectionCount":1,"status":2},{"id":274591372,"title":"Shopping Cart Template","order":5,"templateKey":"cart","customTemplate":false,"customTemplateFilename":null,"pageLinks":[],"dateCreated":"2025-01-10T16:00:45.027Z","dateUpdated":"2025-01-10T16:00:50.787Z","folderId":null,"pageName":"Shopping Cart Template","sectionCount":1,"status":2},{"id":903901921,"title":"Login Template","order":7,"templateKey":"login","customTemplate":false,"customTemplateFilename":null,"pageLinks":[],"dateCreated":"2025-01-10T16:00:45.146Z","dateUpdated":"2025-01-10T16:00:50.787Z","folderId":null,"pageName":"Login Template","sectionCount":1,"status":2},{"id":86412156,"title":"Search Template","order":8,"templateKey":"Search","customTemplate":false,"customTemplateFilename":null,"pageLinks":[],"dateCreated":"2025-01-10T16:00:45.212Z","dateUpdated":"2025-01-10T16:00:50.787Z","folderId":null,"pageName":"Search Template","sectionCount":1,"status":2},{"id":300100511,"title":"Password Template","order":9,"templateKey":"password","customTemplate":false,"customTemplateFilename":null,"pageLinks":[],"dateCreated":"2025-01-10T16:00:45.286Z","dateUpdated":"2025-01-10T16:00:50.787Z","folderId":null,"pageName":"Password Template","sectionCount":1,"status":2},{"id":31729857,"title":"404 Not Found Template","order":10,"templateKey":"404","customTemplate":false,"customTemplateFilename":null,"pageLinks":[],"dateCreated":"2025-01-10T16:00:45.344Z","dateUpdated":"2025-01-10T16:00:50.787Z","folderId":null,"pageName":"404 Not Found Template","sectionCount":1,"status":2},{"id":307413932,"title":"Thank You Template","order":11,"templateKey":"ThankYou","customTemplate":false,"customTemplateFilename":null,"pageLinks":[],"dateCreated":"2025-01-10T16:00:45.399Z","dateUpdated":"2025-01-10T16:00:50.787Z","folderId":null,"pageName":"Thank You Template","sectionCount":1,"status":2},{"id":127746471,"title":"Home","order":13,"templateKey":null,"customTemplate":false,"customTemplateFilename":null,"pageLinks":[],"dateCreated":"2025-01-10T16:02:19.229Z","dateUpdated":"2025-01-17T13:15:14.048Z","folderId":null,"pageName":"Home_127746471","sectionCount":4,"status":2}]